{"cameraMode":{"drawMode":0,"name":"Shaded","section":"Shading Mode"},"sceneLighting":false,"audioPlay":false,"sceneViewState":{"m_AlwaysRefresh":false,"showFog":true,"showSkybox":true,"showFlares":true,"showImageEffects":true,"showParticleSystems":true,"showVisualEffectGraphs":true,"m_FxEnabled":true},"in2DMode":false,"pivot":{"x":6.930559158325195,"y":8.339311599731446,"z":15.221817016601563},"rotation":{"x":0.09869121015071869,"y":0.8846151828765869,"z":-0.21817731857299806,"w":0.40014976263046267},"size":14.942954063415528,"orthographic":false}