{"cameraMode":{"drawMode":0,"name":"Shaded","section":"Shading Mode"},"sceneLighting":false,"audioPlay":false,"sceneViewState":{"m_AlwaysRefresh":false,"showFog":true,"showSkybox":true,"showFlares":true,"showImageEffects":true,"showParticleSystems":true,"showVisualEffectGraphs":true,"m_FxEnabled":true},"in2DMode":false,"pivot":{"x":-46.106136322021487,"y":-25.807098388671876,"z":-14.641181945800782},"rotation":{"x":0.15082180500030518,"y":-0.7541770935058594,"z":0.1859988123178482,"w":0.6114813685417175},"size":46.602020263671878,"orthographic":false}