{"cameraMode":{"drawMode":0,"name":"Shaded","section":"Shading Mode"},"sceneLighting":false,"audioPlay":false,"sceneViewState":{"m_AlwaysRefresh":false,"showFog":true,"showSkybox":true,"showFlares":true,"showImageEffects":true,"showParticleSystems":true,"showVisualEffectGraphs":true,"m_FxEnabled":true},"in2DMode":false,"pivot":{"x":0.8812236785888672,"y":1.4507780075073243,"z":-0.18178129196166993},"rotation":{"x":0.051505524665117267,"y":0.9435781836509705,"z":-0.17639625072479249,"w":0.2755415439605713},"size":3.5660250186920168,"orthographic":false}