{"cameraMode":{"drawMode":0,"name":"Shaded","section":"Shading Mode"},"sceneLighting":false,"audioPlay":false,"sceneViewState":{"m_AlwaysRefresh":false,"showFog":true,"showSkybox":true,"showFlares":true,"showImageEffects":true,"showParticleSystems":true,"showVisualEffectGraphs":true,"m_FxEnabled":true},"in2DMode":false,"pivot":{"x":-3.313474655151367,"y":2.3630433082580568,"z":-92.21200561523438},"rotation":{"x":0.16331028938293458,"y":0.17799556255340577,"z":-0.029969751834869386,"w":0.9699224233627319},"size":5.966026306152344,"orthographic":false}