{"cameraMode":{"drawMode":0,"name":"Shaded","section":"Shading Mode"},"sceneLighting":false,"audioPlay":false,"sceneViewState":{"m_AlwaysRefresh":false,"showFog":true,"showSkybox":true,"showFlares":true,"showImageEffects":true,"showParticleSystems":true,"showVisualEffectGraphs":true,"m_FxEnabled":true},"in2DMode":false,"pivot":{"x":12.908241271972657,"y":-34.439212799072269,"z":78.5349349975586},"rotation":{"x":0.28528669476509097,"y":-0.056037675589323047,"z":0.016699956730008127,"w":0.9566791653633118},"size":42.33024978637695,"orthographic":false}