{"cameraMode":{"drawMode":0,"name":"Shaded","section":"Shading Mode"},"sceneLighting":false,"audioPlay":false,"sceneViewState":{"m_AlwaysRefresh":false,"showFog":true,"showSkybox":true,"showFlares":true,"showImageEffects":true,"showParticleSystems":true,"showVisualEffectGraphs":true,"m_FxEnabled":true},"in2DMode":false,"pivot":{"x":-41.431636810302737,"y":28.448623657226564,"z":-16.230121612548829},"rotation":{"x":0.16767632961273194,"y":0.1778661608695984,"z":-0.030772268772125245,"w":0.96920245885849},"size":0.8660258054733276,"orthographic":false}